<resources>
    <color name="md_theme_primary">#0037CA</color>
    <color name="md_theme_onPrimary">#FFFFFF</color>
    <color name="md_theme_primaryContainer">#355DFF</color>
    <color name="md_theme_onPrimaryContainer">#FFFFFF</color>
    <color name="md_theme_secondary">#5D5F5F</color>
    <color name="md_theme_onSecondary">#FFFFFF</color>
    <color name="md_theme_secondaryContainer">#FFFFFF</color>
    <color name="md_theme_onSecondaryContainer">#575859</color>
    <color name="md_theme_tertiary">#404141</color>
    <color name="md_theme_onTertiary">#FFFFFF</color>
    <color name="md_theme_tertiaryContainer">#646464</color>
    <color name="md_theme_onTertiaryContainer">#FFFFFF</color>
    <color name="md_theme_error">#A50100</color>
    <color name="md_theme_onError">#FFFFFF</color>
    <color name="md_theme_errorContainer">#EB0000</color>
    <color name="md_theme_onErrorContainer">#FFFFFF</color>
    <color name="md_theme_background">#FBF8FF</color>
    <color name="md_theme_onBackground">#191B25</color>
    <color name="md_theme_surface">#FCF8F8</color>
    <color name="md_theme_onSurface">#1C1B1B</color>
    <color name="md_theme_surfaceVariant">#E0E3E3</color>
    <color name="md_theme_onSurfaceVariant">#444748</color>
    <color name="md_theme_outline">#747878</color>
    <color name="md_theme_outlineVariant">#C4C7C7</color>
    <color name="md_theme_scrim">#000000</color>
    <color name="md_theme_inverseSurface">#313030</color>
    <color name="md_theme_inverseOnSurface">#F4F0EF</color>
    <color name="md_theme_inversePrimary">#B9C3FF</color>
    <color name="md_theme_primaryFixed">#DDE1FF</color>
    <color name="md_theme_onPrimaryFixed">#001257</color>
    <color name="md_theme_primaryFixedDim">#B9C3FF</color>
    <color name="md_theme_onPrimaryFixedVariant">#0033C0</color>
    <color name="md_theme_secondaryFixed">#E2E2E2</color>
    <color name="md_theme_onSecondaryFixed">#1A1C1C</color>
    <color name="md_theme_secondaryFixedDim">#C6C6C7</color>
    <color name="md_theme_onSecondaryFixedVariant">#454747</color>
    <color name="md_theme_tertiaryFixed">#E4E2E2</color>
    <color name="md_theme_onTertiaryFixed">#1B1C1C</color>
    <color name="md_theme_tertiaryFixedDim">#C8C6C6</color>
    <color name="md_theme_onTertiaryFixedVariant">#464747</color>
    <color name="md_theme_surfaceDim">#DDD9D9</color>
    <color name="md_theme_surfaceBright">#FCF8F8</color>
    <color name="md_theme_surfaceContainerLowest">#FFFFFF</color>
    <color name="md_theme_surfaceContainerLow">#F6F3F2</color>
    <color name="md_theme_surfaceContainer">#F1EDEC</color>
    <color name="md_theme_surfaceContainerHigh">#EBE7E7</color>
    <color name="md_theme_surfaceContainerHighest">#E5E2E1</color>
    <color name="md_theme_primary_mediumContrast">#0030B7</color>
    <color name="md_theme_onPrimary_mediumContrast">#FFFFFF</color>
    <color name="md_theme_primaryContainer_mediumContrast">#355DFF</color>
    <color name="md_theme_onPrimaryContainer_mediumContrast">#FFFFFF</color>
    <color name="md_theme_secondary_mediumContrast">#414343</color>
    <color name="md_theme_onSecondary_mediumContrast">#FFFFFF</color>
    <color name="md_theme_secondaryContainer_mediumContrast">#737575</color>
    <color name="md_theme_onSecondaryContainer_mediumContrast">#FFFFFF</color>
    <color name="md_theme_tertiary_mediumContrast">#404141</color>
    <color name="md_theme_onTertiary_mediumContrast">#FFFFFF</color>
    <color name="md_theme_tertiaryContainer_mediumContrast">#646464</color>
    <color name="md_theme_onTertiaryContainer_mediumContrast">#FFFFFF</color>
    <color name="md_theme_error_mediumContrast">#8C0100</color>
    <color name="md_theme_onError_mediumContrast">#FFFFFF</color>
    <color name="md_theme_errorContainer_mediumContrast">#EB0000</color>
    <color name="md_theme_onErrorContainer_mediumContrast">#FFFFFF</color>
    <color name="md_theme_background_mediumContrast">#FBF8FF</color>
    <color name="md_theme_onBackground_mediumContrast">#191B25</color>
    <color name="md_theme_surface_mediumContrast">#FCF8F8</color>
    <color name="md_theme_onSurface_mediumContrast">#1C1B1B</color>
    <color name="md_theme_surfaceVariant_mediumContrast">#E0E3E3</color>
    <color name="md_theme_onSurfaceVariant_mediumContrast">#404344</color>
    <color name="md_theme_outline_mediumContrast">#5C6060</color>
    <color name="md_theme_outlineVariant_mediumContrast">#787B7C</color>
    <color name="md_theme_scrim_mediumContrast">#000000</color>
    <color name="md_theme_inverseSurface_mediumContrast">#313030</color>
    <color name="md_theme_inverseOnSurface_mediumContrast">#F4F0EF</color>
    <color name="md_theme_inversePrimary_mediumContrast">#B9C3FF</color>
    <color name="md_theme_primaryFixed_mediumContrast">#4065FF</color>
    <color name="md_theme_onPrimaryFixed_mediumContrast">#FFFFFF</color>
    <color name="md_theme_primaryFixedDim_mediumContrast">#0044F4</color>
    <color name="md_theme_onPrimaryFixedVariant_mediumContrast">#FFFFFF</color>
    <color name="md_theme_secondaryFixed_mediumContrast">#737575</color>
    <color name="md_theme_onSecondaryFixed_mediumContrast">#FFFFFF</color>
    <color name="md_theme_secondaryFixedDim_mediumContrast">#5A5C5C</color>
    <color name="md_theme_onSecondaryFixedVariant_mediumContrast">#FFFFFF</color>
    <color name="md_theme_tertiaryFixed_mediumContrast">#757474</color>
    <color name="md_theme_onTertiaryFixed_mediumContrast">#FFFFFF</color>
    <color name="md_theme_tertiaryFixedDim_mediumContrast">#5C5C5C</color>
    <color name="md_theme_onTertiaryFixedVariant_mediumContrast">#FFFFFF</color>
    <color name="md_theme_surfaceDim_mediumContrast">#DDD9D9</color>
    <color name="md_theme_surfaceBright_mediumContrast">#FCF8F8</color>
    <color name="md_theme_surfaceContainerLowest_mediumContrast">#FFFFFF</color>
    <color name="md_theme_surfaceContainerLow_mediumContrast">#F6F3F2</color>
    <color name="md_theme_surfaceContainer_mediumContrast">#F1EDEC</color>
    <color name="md_theme_surfaceContainerHigh_mediumContrast">#EBE7E7</color>
    <color name="md_theme_surfaceContainerHighest_mediumContrast">#E5E2E1</color>
    <color name="md_theme_primary_highContrast">#001767</color>
    <color name="md_theme_onPrimary_highContrast">#FFFFFF</color>
    <color name="md_theme_primaryContainer_highContrast">#0030B7</color>
    <color name="md_theme_onPrimaryContainer_highContrast">#FFFFFF</color>
    <color name="md_theme_secondary_highContrast">#202323</color>
    <color name="md_theme_onSecondary_highContrast">#FFFFFF</color>
    <color name="md_theme_secondaryContainer_highContrast">#414343</color>
    <color name="md_theme_onSecondaryContainer_highContrast">#FFFFFF</color>
    <color name="md_theme_tertiary_highContrast">#222222</color>
    <color name="md_theme_onTertiary_highContrast">#FFFFFF</color>
    <color name="md_theme_tertiaryContainer_highContrast">#434343</color>
    <color name="md_theme_onTertiaryContainer_highContrast">#FFFFFF</color>
    <color name="md_theme_error_highContrast">#4E0000</color>
    <color name="md_theme_onError_highContrast">#FFFFFF</color>
    <color name="md_theme_errorContainer_highContrast">#8C0100</color>
    <color name="md_theme_onErrorContainer_highContrast">#FFFFFF</color>
    <color name="md_theme_background_highContrast">#FBF8FF</color>
    <color name="md_theme_onBackground_highContrast">#191B25</color>
    <color name="md_theme_surface_highContrast">#FCF8F8</color>
    <color name="md_theme_onSurface_highContrast">#000000</color>
    <color name="md_theme_surfaceVariant_highContrast">#E0E3E3</color>
    <color name="md_theme_onSurfaceVariant_highContrast">#212525</color>
    <color name="md_theme_outline_highContrast">#404344</color>
    <color name="md_theme_outlineVariant_highContrast">#404344</color>
    <color name="md_theme_scrim_highContrast">#000000</color>
    <color name="md_theme_inverseSurface_highContrast">#313030</color>
    <color name="md_theme_inverseOnSurface_highContrast">#FFFFFF</color>
    <color name="md_theme_inversePrimary_highContrast">#EAEBFF</color>
    <color name="md_theme_primaryFixed_highContrast">#0030B7</color>
    <color name="md_theme_onPrimaryFixed_highContrast">#FFFFFF</color>
    <color name="md_theme_primaryFixedDim_highContrast">#001F81</color>
    <color name="md_theme_onPrimaryFixedVariant_highContrast">#FFFFFF</color>
    <color name="md_theme_secondaryFixed_highContrast">#414343</color>
    <color name="md_theme_onSecondaryFixed_highContrast">#FFFFFF</color>
    <color name="md_theme_secondaryFixedDim_highContrast">#2B2D2D</color>
    <color name="md_theme_onSecondaryFixedVariant_highContrast">#FFFFFF</color>
    <color name="md_theme_tertiaryFixed_highContrast">#434343</color>
    <color name="md_theme_onTertiaryFixed_highContrast">#FFFFFF</color>
    <color name="md_theme_tertiaryFixedDim_highContrast">#2C2D2D</color>
    <color name="md_theme_onTertiaryFixedVariant_highContrast">#FFFFFF</color>
    <color name="md_theme_surfaceDim_highContrast">#DDD9D9</color>
    <color name="md_theme_surfaceBright_highContrast">#FCF8F8</color>
    <color name="md_theme_surfaceContainerLowest_highContrast">#FFFFFF</color>
    <color name="md_theme_surfaceContainerLow_highContrast">#F6F3F2</color>
    <color name="md_theme_surfaceContainer_highContrast">#F1EDEC</color>
    <color name="md_theme_surfaceContainerHigh_highContrast">#EBE7E7</color>
    <color name="md_theme_surfaceContainerHighest_highContrast">#E5E2E1</color>
</resources>
