<resources>
    <color name="md_theme_primary">#505B92</color>
    <color name="md_theme_onPrimary">#FFFFFF</color>
    <color name="md_theme_primaryContainer">#DDE1FF</color>
    <color name="md_theme_onPrimaryContainer">#08164B</color>
    <color name="md_theme_secondary">#006874</color>
    <color name="md_theme_onSecondary">#FFFFFF</color>
    <color name="md_theme_secondaryContainer">#9EEFFD</color>
    <color name="md_theme_onSecondaryContainer">#001F24</color>
    <color name="md_theme_tertiary">#006874</color>
    <color name="md_theme_onTertiary">#FFFFFF</color>
    <color name="md_theme_tertiaryContainer">#9EEFFD</color>
    <color name="md_theme_onTertiaryContainer">#001F24</color>
    <color name="md_theme_error">#904B40</color>
    <color name="md_theme_onError">#FFFFFF</color>
    <color name="md_theme_errorContainer">#FFDAD4</color>
    <color name="md_theme_onErrorContainer">#3A0905</color>
    <color name="md_theme_background">#FBF8FF</color>
    <color name="md_theme_onBackground">#1B1B21</color>
    <color name="md_theme_surface">#F5FAFB</color>
    <color name="md_theme_onSurface">#171D1E</color>
    <color name="md_theme_surfaceVariant">#DBE4E6</color>
    <color name="md_theme_onSurfaceVariant">#3F484A</color>
    <color name="md_theme_outline">#6F797A</color>
    <color name="md_theme_outlineVariant">#BFC8CA</color>
    <color name="md_theme_scrim">#000000</color>
    <color name="md_theme_inverseSurface">#2B3133</color>
    <color name="md_theme_inverseOnSurface">#ECF2F3</color>
    <color name="md_theme_inversePrimary">#B9C3FF</color>
    <color name="md_theme_primaryFixed">#DDE1FF</color>
    <color name="md_theme_onPrimaryFixed">#08164B</color>
    <color name="md_theme_primaryFixedDim">#B9C3FF</color>
    <color name="md_theme_onPrimaryFixedVariant">#384379</color>
    <color name="md_theme_secondaryFixed">#9EEFFD</color>
    <color name="md_theme_onSecondaryFixed">#001F24</color>
    <color name="md_theme_secondaryFixedDim">#82D3E0</color>
    <color name="md_theme_onSecondaryFixedVariant">#004F58</color>
    <color name="md_theme_tertiaryFixed">#9EEFFD</color>
    <color name="md_theme_onTertiaryFixed">#001F24</color>
    <color name="md_theme_tertiaryFixedDim">#82D3E0</color>
    <color name="md_theme_onTertiaryFixedVariant">#004F58</color>
    <color name="md_theme_surfaceDim">#D5DBDC</color>
    <color name="md_theme_surfaceBright">#F5FAFB</color>
    <color name="md_theme_surfaceContainerLowest">#FFFFFF</color>
    <color name="md_theme_surfaceContainerLow">#EFF5F6</color>
    <color name="md_theme_surfaceContainer">#E9EFF0</color>
    <color name="md_theme_surfaceContainerHigh">#E3E9EA</color>
    <color name="md_theme_surfaceContainerHighest">#DEE3E5</color>
    <color name="md_theme_primary_mediumContrast">#343F74</color>
    <color name="md_theme_onPrimary_mediumContrast">#FFFFFF</color>
    <color name="md_theme_primaryContainer_mediumContrast">#6671AA</color>
    <color name="md_theme_onPrimaryContainer_mediumContrast">#FFFFFF</color>
    <color name="md_theme_secondary_mediumContrast">#004A53</color>
    <color name="md_theme_onSecondary_mediumContrast">#FFFFFF</color>
    <color name="md_theme_secondaryContainer_mediumContrast">#25808C</color>
    <color name="md_theme_onSecondaryContainer_mediumContrast">#FFFFFF</color>
    <color name="md_theme_tertiary_mediumContrast">#004A53</color>
    <color name="md_theme_onTertiary_mediumContrast">#FFFFFF</color>
    <color name="md_theme_tertiaryContainer_mediumContrast">#25808C</color>
    <color name="md_theme_onTertiaryContainer_mediumContrast">#FFFFFF</color>
    <color name="md_theme_error_mediumContrast">#6E3027</color>
    <color name="md_theme_onError_mediumContrast">#FFFFFF</color>
    <color name="md_theme_errorContainer_mediumContrast">#AA6054</color>
    <color name="md_theme_onErrorContainer_mediumContrast">#FFFFFF</color>
    <color name="md_theme_background_mediumContrast">#FBF8FF</color>
    <color name="md_theme_onBackground_mediumContrast">#1B1B21</color>
    <color name="md_theme_surface_mediumContrast">#F5FAFB</color>
    <color name="md_theme_onSurface_mediumContrast">#171D1E</color>
    <color name="md_theme_surfaceVariant_mediumContrast">#DBE4E6</color>
    <color name="md_theme_onSurfaceVariant_mediumContrast">#3B4446</color>
    <color name="md_theme_outline_mediumContrast">#576162</color>
    <color name="md_theme_outlineVariant_mediumContrast">#737C7E</color>
    <color name="md_theme_scrim_mediumContrast">#000000</color>
    <color name="md_theme_inverseSurface_mediumContrast">#2B3133</color>
    <color name="md_theme_inverseOnSurface_mediumContrast">#ECF2F3</color>
    <color name="md_theme_inversePrimary_mediumContrast">#B9C3FF</color>
    <color name="md_theme_primaryFixed_mediumContrast">#6671AA</color>
    <color name="md_theme_onPrimaryFixed_mediumContrast">#FFFFFF</color>
    <color name="md_theme_primaryFixedDim_mediumContrast">#4D5990</color>
    <color name="md_theme_onPrimaryFixedVariant_mediumContrast">#FFFFFF</color>
    <color name="md_theme_secondaryFixed_mediumContrast">#25808C</color>
    <color name="md_theme_onSecondaryFixed_mediumContrast">#FFFFFF</color>
    <color name="md_theme_secondaryFixedDim_mediumContrast">#006671</color>
    <color name="md_theme_onSecondaryFixedVariant_mediumContrast">#FFFFFF</color>
    <color name="md_theme_tertiaryFixed_mediumContrast">#25808C</color>
    <color name="md_theme_onTertiaryFixed_mediumContrast">#FFFFFF</color>
    <color name="md_theme_tertiaryFixedDim_mediumContrast">#006671</color>
    <color name="md_theme_onTertiaryFixedVariant_mediumContrast">#FFFFFF</color>
    <color name="md_theme_surfaceDim_mediumContrast">#D5DBDC</color>
    <color name="md_theme_surfaceBright_mediumContrast">#F5FAFB</color>
    <color name="md_theme_surfaceContainerLowest_mediumContrast">#FFFFFF</color>
    <color name="md_theme_surfaceContainerLow_mediumContrast">#EFF5F6</color>
    <color name="md_theme_surfaceContainer_mediumContrast">#E9EFF0</color>
    <color name="md_theme_surfaceContainerHigh_mediumContrast">#E3E9EA</color>
    <color name="md_theme_surfaceContainerHighest_mediumContrast">#DEE3E5</color>
    <color name="md_theme_primary_highContrast">#111D52</color>
    <color name="md_theme_onPrimary_highContrast">#FFFFFF</color>
    <color name="md_theme_primaryContainer_highContrast">#343F74</color>
    <color name="md_theme_onPrimaryContainer_highContrast">#FFFFFF</color>
    <color name="md_theme_secondary_highContrast">#00272C</color>
    <color name="md_theme_onSecondary_highContrast">#FFFFFF</color>
    <color name="md_theme_secondaryContainer_highContrast">#004A53</color>
    <color name="md_theme_onSecondaryContainer_highContrast">#FFFFFF</color>
    <color name="md_theme_tertiary_highContrast">#00272C</color>
    <color name="md_theme_onTertiary_highContrast">#FFFFFF</color>
    <color name="md_theme_tertiaryContainer_highContrast">#004A53</color>
    <color name="md_theme_onTertiaryContainer_highContrast">#FFFFFF</color>
    <color name="md_theme_error_highContrast">#44100A</color>
    <color name="md_theme_onError_highContrast">#FFFFFF</color>
    <color name="md_theme_errorContainer_highContrast">#6E3027</color>
    <color name="md_theme_onErrorContainer_highContrast">#FFFFFF</color>
    <color name="md_theme_background_highContrast">#FBF8FF</color>
    <color name="md_theme_onBackground_highContrast">#1B1B21</color>
    <color name="md_theme_surface_highContrast">#F5FAFB</color>
    <color name="md_theme_onSurface_highContrast">#000000</color>
    <color name="md_theme_surfaceVariant_highContrast">#DBE4E6</color>
    <color name="md_theme_onSurfaceVariant_highContrast">#1C2527</color>
    <color name="md_theme_outline_highContrast">#3B4446</color>
    <color name="md_theme_outlineVariant_highContrast">#3B4446</color>
    <color name="md_theme_scrim_highContrast">#000000</color>
    <color name="md_theme_inverseSurface_highContrast">#2B3133</color>
    <color name="md_theme_inverseOnSurface_highContrast">#FFFFFF</color>
    <color name="md_theme_inversePrimary_highContrast">#EAEBFF</color>
    <color name="md_theme_primaryFixed_highContrast">#343F74</color>
    <color name="md_theme_onPrimaryFixed_highContrast">#FFFFFF</color>
    <color name="md_theme_primaryFixedDim_highContrast">#1D285D</color>
    <color name="md_theme_onPrimaryFixedVariant_highContrast">#FFFFFF</color>
    <color name="md_theme_secondaryFixed_highContrast">#004A53</color>
    <color name="md_theme_onSecondaryFixed_highContrast">#FFFFFF</color>
    <color name="md_theme_secondaryFixedDim_highContrast">#003238</color>
    <color name="md_theme_onSecondaryFixedVariant_highContrast">#FFFFFF</color>
    <color name="md_theme_tertiaryFixed_highContrast">#004A53</color>
    <color name="md_theme_onTertiaryFixed_highContrast">#FFFFFF</color>
    <color name="md_theme_tertiaryFixedDim_highContrast">#003238</color>
    <color name="md_theme_onTertiaryFixedVariant_highContrast">#FFFFFF</color>
    <color name="md_theme_surfaceDim_highContrast">#D5DBDC</color>
    <color name="md_theme_surfaceBright_highContrast">#F5FAFB</color>
    <color name="md_theme_surfaceContainerLowest_highContrast">#FFFFFF</color>
    <color name="md_theme_surfaceContainerLow_highContrast">#EFF5F6</color>
    <color name="md_theme_surfaceContainer_highContrast">#E9EFF0</color>
    <color name="md_theme_surfaceContainerHigh_highContrast">#E3E9EA</color>
    <color name="md_theme_surfaceContainerHighest_highContrast">#DEE3E5</color>
</resources>
